year,country_id_iso_3,country,currency_unit,population,employees,real_gdp_expenditures,real_gdp_output,current_consumption,current_absorption,current_gdp_expenditures,current_gdp_output,current_capital_stock,real_gdp_na,real_consumption_na,real_absorption_na,real_capital_stock_na,average_hours_worked,average_depreciation,current_capital_level,current_tfp_level,current_wtfp_level,real_capital_level_na,real_tfp_level_na,real_wtfp_level_na,price_level_ccon,price_level_cda,price_level_cgdpo,price_level_household,price_level_cf,price_level_gov,price_level_x,price_level_m,price_level_capital_stock,price_level_capital,real_rate_return,exchange_rate,human_capital_index,indicator_cig,indicator_xm,indicator_exchange_rate,indicator_outlier,indicator_real_rate_return,indicator_stat_capacity,corr_exp_share,current_share_household,current_share_gcf,current_share_gov,current_share_x,current_share_m,current_share_residual_trade,current_share_labour_gdp_na
1950,ABW,Aruba,Aruban Guilder,,,,,,,,,,,,,,,,,,,,,,,,,,,,,,,,,,,,,,,,,,,,,,,,
1951,ABW,Aruba,Aruban Guilder,,,,,,,,,,,,,,,,,,,,,,,,,,,,,,,,,,,,,,,,,,,,,,,,
1952,ABW,Aruba,Aruban Guilder,,,,,,,,,,,,,,,,,,,,,,,,,,,,,,,,,,,,,,,,,,,,,,,,
1953,ABW,Aruba,Aruban Guilder,,,,,,,,,,,,,,,,,,,,,,,,,,,,,,,,,,,,,,,,,,,,,,,,
1954,ABW,Aruba,Aruban Guilder,,,,,,,,,,,,,,,,,,,,,,,,,,,,,,,,,,,,,,,,,,,,,,,,
1955,ABW,Aruba,Aruban Guilder,,,,,,,,,,,,,,,,,,,,,,,,,,,,,,,,,,,,,,,,,,,,,,,,
1956,ABW,Aruba,Aruban Guilder,,,,,,,,,,,,,,,,,,,,,,,,,,,,,,,,,,,,,,,,,,,,,,,,
1957,ABW,Aruba,Aruban Guilder,,,,,,,,,,,,,,,,,,,,,,,,,,,,,,,,,,,,,,,,,,,,,,,,
1958,ABW,Aruba,Aruban Guilder,,,,,,,,,,,,,,,,,,,,,,,,,,,,,,,,,,,,,,,,,,,,,,,,
1959,ABW,Aruba,Aruban Guilder,,,,,,,,,,,,,,,,,,,,,,,,,,,,,,,,,,,,,,,,,,,,,,,,
1960,ABW,Aruba,Aruban Guilder,,,,,,,,,,,,,,,,,,,,,,,,,,,,,,,,,,,,,,,,,,,,,,,,
1961,ABW,Aruba,Aruban Guilder,,,,,,,,,,,,,,,,,,,,,,,,,,,,,,,,,,,,,,,,,,,,,,,,
1962,ABW,Aruba,Aruban Guilder,,,,,,,,,,,,,,,,,,,,,,,,,,,,,,,,,,,,,,,,,,,,,,,,
1963,ABW,Aruba,Aruban Guilder,,,,,,,,,,,,,,,,,,,,,,,,,,,,,,,,,,,,,,,,,,,,,,,,
1964,ABW,Aruba,Aruban Guilder,,,,,,,,,,,,,,,,,,,,,,,,,,,,,,,,,,,,,,,,,,,,,,,,
1965,ABW,Aruba,Aruban Guilder,,,,,,,,,,,,,,,,,,,,,,,,,,,,,,,,,,,,,,,,,,,,,,,,
1966,ABW,Aruba,Aruban Guilder,,,,,,,,,,,,,,,,,,,,,,,,,,,,,,,,,,,,,,,,,,,,,,,,
1967,ABW,Aruba,Aruban Guilder,,,,,,,,,,,,,,,,,,,,,,,,,,,,,,,,,,,,,,,,,,,,,,,,
1968,ABW,Aruba,Aruban Guilder,,,,,,,,,,,,,,,,,,,,,,,,,,,,,,,,,,,,,,,,,,,,,,,,
1969,ABW,Aruba,Aruban Guilder,,,,,,,,,,,,,,,,,,,,,,,,,,,,,,,,,,,,,,,,,,,,,,,,
1970,ABW,Aruba,Aruban Guilder,59063.0,,400081726.07421875,463304107.66601562,228502838.13476562,403673522.94921875,418373504.63867188,392981750.48828125,1313093383.7890625,262308593.75,246214660.64453125,336629699.70703125,688414428.7109375,,0.040120232850313187,,,,,,,0.57817602157592773,0.47236254811286926,0.50288337469100952,0.57660084962844849,0.33433324098587036,0.5847204327583313,0.92195218801498413,0.8665696382522583,0.33462950587272644,,,1.79,,Extrapolated,Extrapolated,Market-based,Outlier,,,,0.46865704655647278,0.44574761390686035,0.11280213296413422,0.50742697715759277,-0.49849462509155273,-0.036139149218797684,
1971,ABW,Aruba,Aruban Guilder,59440.0,,436486053.46679688,504684326.171875,248305633.54492188,441596771.24023438,457677764.89257812,446115203.85742188,1440541503.90625,286148437.5,268591827.39257812,367224212.64648438,758382812.5,,0.039126306772232056,,,,,,,0.56042885780334473,0.45481544733047485,0.46660357713699341,0.56101298332214355,0.31914237141609192,0.55804836750030518,0.83959758281707764,0.8514702320098877,0.32446986436843872,,,1.79,,Extrapolated,Extrapolated,Market-based,Outlier,,,,0.4469287097454071,0.43327626585960388,0.1096666008234024,0.51700109243392944,-0.47073352336883545,-0.036139171570539474,
1972,ABW,Aruba,Aruban Guilder,59840.0,,476160919.18945312,550488647.4609375,269829010.00976562,481874847.41210938,499422515.86914062,488221862.79296875,1580743164.0625,312154968.26171875,293002746.58203125,400599334.71679688,834935791.015625,,0.038329333066940308,,,,,,,0.54321777820587158,0.43901804089546204,0.44908988475799561,0.54620695114135742,0.30642357468605042,0.53130507469177246,0.82070785760879517,0.83879876136779785,0.31434813141822815,,,1.79,,Extrapolated,Extrapolated,Market-based,Regular,,,,0.44181373715400696,0.43432268500328064,0.11086329072713852,0.50904875993728638,-0.4599093496799469,-0.036139145493507385,
1973,ABW,Aruba,Aruban Guilder,60243.0,,519418701.171875,599462646.484375,292391998.29101562,525150451.66015625,544273986.81640625,559188903.80859375,1732009155.2734375,340525115.96679688,319632263.18359375,437007690.4296875,918604614.2578125,,0.037695486098527908,,,,,,,0.52802276611328125,0.42431497573852539,0.41299745440483093,0.53187519311904907,0.29403689503669739,0.51280534267425537,0.6916612982749939,0.77380812168121338,0.30490371584892273,,,1.79,,Extrapolated,Extrapolated,Market-based,Regular,,,,0.41725441813468933,0.41624295711517334,0.10563146322965622,0.55548030138015747,-0.45847001671791077,-0.036139152944087982,
1974,ABW,Aruba,Aruban Guilder,60528.0,,566945678.7109375,652476135.25390625,319150177.00195312,582142272.94921875,603341552.734375,649133361.81640625,1902454833.984375,371473663.33007812,348681945.80078125,476725067.13867188,1009965393.0664062,,0.03719552606344223,,,,,,,0.50953972339630127,0.40317919850349426,0.37473773956298828,0.51384830474853516,0.27410691976547241,0.49261704087257385,0.53354901075363159,0.62621653079986572,0.29476076364517212,,,1.79,,Extrapolated,Extrapolated,Market-based,Regular,,,,0.39188215136528015,0.40514340996742249,0.099773623049259186,0.65338259935379028,-0.51404255628585815,-0.03613923117518425,
1975,ABW,Aruba,Aruban Guilder,60656.999999999993,,618714965.8203125,712046325.68359375,346753295.8984375,642197998.046875,665583496.09375,700742248.53515625,2084919433.59375,405234985.3515625,380371704.1015625,520052062.98828125,1109668090.8203125,,0.036804728209972382,,,,,,,0.49397912621498108,0.38495880365371704,0.36564406752586365,0.49983936548233032,0.25700539350509644,0.47133886814117432,0.53711920976638794,0.61154234409332275,0.2853844165802002,,,1.79,,Extrapolated,Extrapolated,Market-based,Regular,,,,0.39308947324752808,0.421616792678833,0.10174766182899475,0.63329023122787476,-0.51360511779785156,-0.036139048635959625,
1976,ABW,Aruba,Aruban Guilder,60585.999999999993,,674779846.19140625,776679382.32421875,378028228.75976562,695641174.31640625,720973144.53125,766634887.6953125,2278651367.1875,442064666.74804688,414942077.63671875,567317016.6015625,1218427124.0234375,,0.036502331495285034,,,,,,,0.47726595401763916,0.37432876229286194,0.35203325748443604,0.48263400793075562,0.251811146736145,0.45646554231643677,0.51756399869918823,0.59998667240142822,0.27683967351913452,,,1.79,,Extrapolated,Extrapolated,Market-based,Regular,,,,0.39194875955581665,0.414294958114624,0.10115195065736771,0.63275343179702759,-0.50400984287261963,-0.036139190196990967,
1977,ABW,Aruba,Aruban Guilder,60365.999999999993,,736018676.7578125,849019775.390625,414006530.76171875,756214538.57421875,783754333.49609375,789870727.5390625,2494073486.328125,482241638.18359375,452653625.48828125,618877502.44140625,1336982543.9453125,,0.036270696669816971,,,,,,,0.45901939272880554,0.36270016431808472,0.35989159345626831,0.46398350596427917,0.24617226421833038,0.43974387645721436,0.55000907182693481,0.583332896232605,0.26824405789375305,,,1.79,,Extrapolated,Extrapolated,Market-based,Regular,,,,0.4168032705783844,0.43324556946754456,0.10734140872955322,0.60871696472167969,-0.529967725276947,-0.036139447242021561,
1978,ABW,Aruba,Aruban Guilder,60103.0,,802825622.55859375,924476806.640625,450714080.81054688,822588378.90625,852539916.9921875,906766601.5625,2724651855.46875,526070068.359375,493792449.95117188,675123657.2265625,1466154174.8046875,,0.036095693707466125,,,,,,,0.44411578774452209,0.351211279630661,0.33020806312561035,0.44824090600013733,0.23861041665077209,0.42797935009002686,0.4924854040145874,0.57329463958740234,0.26008203625679016,,,1.79,,Extrapolated,Extrapolated,Market-based,Regular,,,,0.39585915207862854,0.41011029481887817,0.10119718313217163,0.62375015020370483,-0.49477824568748474,-0.036138508468866348,
1979,ABW,Aruba,Aruban Guilder,59980.0,,875774841.30859375,1006469604.4921875,491336181.640625,896779663.0859375,929437316.89453125,1045745971.6796875,2983342529.296875,573881835.9375,538672973.6328125,736483032.2265625,1606880371.09375,,0.035966042429208755,,,,,,,0.4291137158870697,0.33932706713676453,0.30158683657646179,0.43176281452178955,0.23051920533180237,0.41859146952629089,0.419528603553772,0.528527557849884,0.25152584910392761,,,1.79,,Extrapolated,Extrapolated,Market-based,Regular,,,,0.3753456175327301,0.38770744204521179,0.094497159123420715,0.66875249147415161,-0.490163117647171,-0.036139611154794693,
1980,ABW,Aruba,Aruban Guilder,60096.0,,955632141.11328125,1097319335.9375,540119628.90625,985666259.765625,1021570129.3945312,1158847656.25,3263031005.859375,626039001.46484375,587626831.0546875,803417480.46875,1760180541.9921875,,0.035872425884008408,,,,,,,0.41115820407867432,0.32518154382705688,0.28666040301322937,0.41353067755699158,0.22095519304275513,0.40171581506729126,0.37619304656982422,0.47055837512016296,0.24328991770744324,,,1.79,,Extrapolated,Extrapolated,Market-based,Regular,,,,0.372492253780365,0.38447386026382446,0.0935911312699318,0.70887023210525513,-0.52328723669052124,-0.036140233278274536,
1981,ABW,Aruba,Aruban Guilder,60566.999999999993,,1042468261.71875,1197645629.8828125,591170959.47265625,1075860717.7734375,1115012695.3125,1247073120.1171875,3584267089.84375,682936340.33203125,641032348.6328125,876434204.1015625,1927193115.234375,,0.03580736368894577,,,,,,,0.39569586515426636,0.31381210684776306,0.28058058023452759,0.39916157722473145,0.213939368724823,0.38210418820381165,0.3709464967250824,0.45456996560096741,0.23416484892368317,,,1.79,,Extrapolated,Extrapolated,Market-based,Regular,,,,0.37772953510284424,0.38866189122200012,0.096317194402217865,0.703673243522644,-0.53024619817733765,-0.036135680973529816,
1982,ABW,Aruba,Aruban Guilder,61345.0,,1137420654.296875,1306708251.953125,646280578.61328125,1178438964.84375,1221372436.5234375,1353783447.265625,3928567871.09375,745004882.8125,699306335.44921875,956094604.4921875,2109149414.0625,,0.035764485597610474,,,,,,,0.38123387098312378,0.30175665020942688,0.27224236726760864,0.38448303937911987,0.20523536205291748,0.36847561597824097,0.3729701042175293,0.45552000403404236,0.22577275335788727,,,1.79,,Extrapolated,Extrapolated,Market-based,Regular,,,,0.38048863410949707,0.39308971166610718,0.0968998447060585,0.67903316020965576,-0.51336842775344849,-0.03614291176199913,
1983,ABW,Aruba,Aruban Guilder,62201.0,,1240583862.3046875,1425281616.2109375,706259643.5546875,1278336059.5703125,1324936645.5078125,1482412597.65625,4278736816.40625,812714538.57421875,762835083.0078125,1042981811.5234375,2307428710.9375,,0.035738922655582428,,,,,,,0.36743277311325073,0.29299843311309814,0.261873334646225,0.36946865916252136,0.20110511779785156,0.35932061076164246,0.36204388737678528,0.45071280002593994,0.21893852949142456,,,1.79,,Extrapolated,Extrapolated,Market-based,Regular,,,,0.38084673881530762,0.38590902090072632,0.095579080283641815,0.67286127805709839,-0.49905404448509216,-0.036142103374004364,
1984,ABW,Aruba,Aruban Guilder,62836.0,,1352772827.1484375,1555416870.1171875,768142028.80859375,1384958129.8828125,1435214477.5390625,1601073730.46875,4671884277.34375,886577941.89453125,832175659.1796875,1137767700.1953125,2523481689.453125,,0.035726595669984818,,,,,,,0.35592621564865112,0.28490433096885681,0.25539037585258484,0.35732617974281311,0.1964583545923233,0.35030463337898254,0.3551977276802063,0.4407787024974823,0.2116696834564209,,,1.79,,Extrapolated,Extrapolated,Market-based,Regular,,,,0.38411062955856323,0.3852514922618866,0.09565618634223938,0.66896563768386841,-0.49786198139190674,-0.036122038960456848,
1985,ABW,Aruba,Aruban Guilder,63026.0,,1476161376.953125,1692186523.4375,840871704.1015625,1512283203.125,1567566528.3203125,1879261230.46875,5117105468.75,967154357.91015625,907883300.78125,1241210571.2890625,2758896728.515625,,0.035723619163036346,,,,,,,0.34237098693847656,0.27475482225418091,0.22918389737606049,0.34409904479980469,0.19007274508476257,0.33546638488769531,0.315571665763855,0.44317007064819336,0.20404927432537079,,,1.79,,Extrapolated,Extrapolated,Market-based,Regular,,,,0.35787951946258545,0.35727414488792419,0.089568480849266052,0.6755366325378418,-0.444094181060791,-0.036164592951536179,
1986,ABW,Aruba,Aruban Guilder,62643.999999999993,,1610108032.2265625,1848224731.4453125,920955688.4765625,1644112304.6875,1704153442.3828125,1984817504.8828125,5592875000.0,1055053955.078125,990193786.62109375,1353955932.6171875,3015559082.03125,,0.035728372633457184,,,,,,,0.32922488451004028,0.26620611548423767,0.2285631000995636,0.33151170611381531,0.185950368642807,0.32017597556114197,0.34406024217605591,0.4786105751991272,0.19703920185565948,,,1.79,,Extrapolated,Extrapolated,Market-based,Regular,,,,0.37039414048194885,0.36434412002563477,0.093606039881706238,0.61791068315505981,-0.41011527180671692,-0.036139681935310364,
1987,ABW,Aruba,Aruban Guilder,61833.0,,1867349487.3046875,2143880615.234375,1070181762.6953125,1902740966.796875,1970834472.65625,2354671630.859375,6155543945.3125,1224690063.4765625,1149584228.515625,1571653198.2421875,3319945800.78125,,0.03578554093837738,,,,,,,0.341098815202713,0.2768157422542572,0.23169179260730743,0.34371486306190491,0.19418551027774811,0.33079469203948975,0.35247150063514709,0.51917934417724609,0.20408143103122711,,,1.79,,Extrapolated,Extrapolated,Market-based,Regular,,,,0.36246752738952637,0.35357761383056641,0.092025488615036011,0.61189687252044678,-0.38390561938285828,-0.0360618494451046,
1988,ABW,Aruba,Aruban Guilder,61078.999999999993,,2218915283.203125,2543252929.6875,1274364990.234375,2251979492.1875,2336122314.453125,2784639892.578125,6851080566.40625,1453078247.0703125,1364367797.8515625,1864994628.90625,3689811523.4375,,0.035936679691076279,,,,,,,0.34970381855964661,0.28565004467964172,0.23964083194732666,0.35253593325614929,0.20215308666229248,0.33853799104690552,0.36246755719184875,0.53086823225021362,0.21046143770217896,,,1.79,,Extrapolated,Extrapolated,Market-based,Regular,,,,0.36504977941513062,0.3510739803314209,0.0925910472869873,0.61451727151870728,-0.38693982362747192,-0.036292240023612976,
1989,ABW,Aruba,Aruban Guilder,61031.999999999993,,2485197021.484375,2657243652.34375,1437759277.34375,2505729492.1875,2596955566.40625,2835811035.15625,7645857421.875,1629334350.5859375,1528232543.9453125,2090646728.515625,4106038085.9375,,0.036049231886863708,,,,,,,0.36150655150413513,0.29956114292144775,0.27432966232299805,0.36433815956115723,0.21616692841053009,0.35036155581474304,0.42303064465522766,0.52280151844024658,0.21798118948936462,,,1.79,,Extrapolated,Benchmark,Market-based,Regular,,,,0.40428423881530762,0.37660130858421326,0.10271686315536499,0.60315477848052979,-0.45069226622581482,-0.036064930260181427,
1990,ABW,Aruba,Aruban Guilder,62148.999999999993,,2575255615.234375,3012511718.75,1513624267.578125,2583159423.828125,2669947998.046875,3110763427.734375,8407942382.8125,1693878906.25,1590753662.109375,2173776367.1875,4525354980.46875,,0.036517355591058731,,,,,,,0.37959837913513184,0.32053071260452271,0.27510941028594971,0.37587577104568481,0.23693712055683136,0.39558064937591553,0.36707913875579834,0.4817136824131012,0.23066948354244232,,,1.79,,Extrapolated,Benchmark,Market-based,Regular,,,,0.3946533203125,0.34381762146949768,0.091923154890537262,0.69927585124969482,-0.49384161829948425,-0.035828378051519394,
1991,ABW,Aruba,Aruban Guilder,64622.0,29200.000688433647,2804500488.28125,3177457519.53125,1633426757.8125,2790426025.390625,2907967529.296875,2809165039.0625,9223221679.6875,1828760253.90625,1718618530.2734375,2348107421.875,4972792968.75,,0.036902960389852524,0.00016520048666279763,,,0.26323866844177246,,,0.39665976166725159,0.33556067943573,0.34736287593841553,0.394671231508255,0.24930228292942047,0.40512111783027649,0.54211384057998657,0.53624802827835083,0.24604709446430206,0.87630081176757812,0.1144191175699234,1.79,,Extrapolated,Benchmark,Market-based,Regular,Regular,,,0.47081634402275085,0.41186591982841492,0.1106470599770546,0.59290021657943726,-0.54924613237380981,-0.036983400583267212,0.64835703372955322
1992,ABW,Aruba,Aruban Guilder,68234.999999999985,30903.272330760956,2944516113.28125,3370537597.65625,1722105102.5390625,2955295898.4375,3054437011.71875,4018358886.71875,10109283203.125,1936334472.65625,1810358886.71875,2482541259.765625,5446231445.3125,,0.036487676203250885,0.00017745440709404647,,,0.2870144248008728,,,0.41658806800842285,0.3510906994342804,0.26687124371528625,0.41295444965362549,0.25962609052658081,0.43200293183326721,0.31975704431533813,0.48256903886795044,0.25288298726081848,0.85776454210281372,0.111404187977314,1.79,,Extrapolated,Benchmark,Market-based,Regular,Regular,,,0.34680923819541931,0.30688917636871338,0.081750087440013885,0.77779453992843628,-0.47786003351211548,-0.035383027046918869,0.64835703372955322
1993,ABW,Aruba,Aruban Guilder,72504.0,32911.807298660278,3131370849.609375,3698532470.703125,1860497558.59375,3167873291.015625,3247895996.09375,3900730468.75,11047238281.25,2077835937.5,1958545410.15625,2667684570.3125,5945963378.90625,,0.035478256642818451,0.000189022917766124,,,0.31097200512886047,,,0.44363728165626526,0.37307253479957581,0.31063434481620789,0.43729832768440247,0.27265337109565735,0.47123527526855469,0.35465991497039795,0.45520380139350891,0.264467716217041,0.85189014673233032,0.11087834089994431,1.79,,Extrapolated,Benchmark,Market-based,Regular,Regular,,,0.38787144422531128,0.33516180515289307,0.089089877903461456,0.82497179508209229,-0.60197627544403076,-0.0351187065243721,0.64835703372955322
1994,ABW,Aruba,Aruban Guilder,76699.999999999985,34895.97886800766,3537953369.140625,4172824218.75,2015998657.2265625,3393726806.640625,3626417236.328125,4363706054.6875,12078262695.3125,2248299560.546875,2116826660.15625,2891099365.234375,6498933593.75,,0.034092266112565994,0.0001922350493259728,,,0.33666571974754333,,,0.44373804330825806,0.38436967134475708,0.31942680478096008,0.44762197136878967,0.29749724268913269,0.42754936218261719,0.3770783543586731,0.50800418853759766,0.29239246249198914,0.89247643947601318,0.10522321611642838,1.79,,Extrapolated,Benchmark,Market-based,Regular,Regular,,,0.37260010838508606,0.31572431325912476,0.089392192661762238,0.76419162750244141,-0.50145971775054932,-0.040448479354381561,0.64835703372955322
1995,ABW,Aruba,Aruban Guilder,80323.999999999985,36628.015339374542,3412874511.71875,4184156250.0,2034535400.390625,3435050781.25,3464745361.328125,4252333984.375,13159661132.8125,2304658691.40625,2120806640.625,2941311035.15625,7074194824.21875,,0.0339076966047287,0.00020820222562178969,,,0.36900857090950012,,,0.46526241302490234,0.39943274855613708,0.32545250654220581,0.4517243504524231,0.30380165576934814,0.52523535490036011,0.40453290939331055,0.54705071449279785,0.26652985811233521,0.77925068140029907,0.1042659729719162,1.79,,Extrapolated,Benchmark,Market-based,Regular,Regular,,,0.39033806324005127,0.32935217022895813,0.088113412261009216,0.765720546245575,-0.542942225933075,-0.030581891536712646,0.64835703372955322
1996,ABW,Aruba,Aruban Guilder,83200.0,38025.695830583572,3428601074.21875,3977093017.578125,2167170654.296875,3444941162.109375,3449007324.21875,3990846435.546875,14112389648.4375,2333353759.765625,2251378173.828125,3009624267.578125,7574306640.625,,0.034572523087263107,0.00021654843294527382,,,0.3959176242351532,,,0.47891047596931458,0.41924735903739929,0.36232593655586243,0.46236029267311096,0.31805533170700073,0.55890375375747681,0.41901981830596924,0.506942093372345,0.27501788735389709,0.76365953683853149,0.10038852691650391,1.79,,Extrapolated,Benchmark,Market-based,Regular,Regular,,,0.4499441385269165,0.32017534971237183,0.0930912047624588,0.84030085802078247,-0.6691858172416687,-0.034325752407312393,0.63725948333740234
1997,ABW,Aruba,Aruban Guilder,85451.0,39143.040776252747,3718441406.25,4282010253.90625,2264614013.671875,3740265869.140625,3732093261.71875,4193392089.84375,15278196289.0625,2515692138.671875,2368082519.53125,3256978271.484375,8176080566.40625,,0.034710768610239029,0.00022455025464296341,,,0.42708852887153625,,,0.49850288033485413,0.43011286854743958,0.38279783725738525,0.48104774951934814,0.32515797019004822,0.56363868713378906,0.41715776920318604,0.48141723871231079,0.2822955846786499,0.77940362691879272,0.10120543837547302,1.79,,Extrapolated,Benchmark,Market-based,Regular,Regular,,,0.42590835690498352,0.35189932584762573,0.11413513123989105,0.84945297241210938,-0.7238885760307312,-0.017507269978523254,0.63490724563598633
1998,ABW,Aruba,Aruban Guilder,87277.0,40069.926530122757,3992376708.984375,4660577148.4375,2367511962.890625,4025802001.953125,3986949462.890625,4807512695.3125,16680453125.0,2683403808.59375,2476237792.96875,3488423828.125,8871182617.1875,,0.034693419933319092,0.00023222345043905079,,,0.46364447474479675,,,0.51355260610580444,0.43771231174468994,0.36300200223922729,0.4957156777381897,0.32943636178970337,0.586388111114502,0.3765052855014801,0.47237533330917358,0.2730332612991333,0.79572767019271851,0.10394483804702759,1.79,,Extrapolated,Benchmark,Market-based,Regular,Regular,,,0.39558467268943787,0.34493723511695862,0.096876189112663269,0.86121147871017456,-0.67833197116851807,-0.020277529954910278,0.63823181390762329
1999,ABW,Aruba,Aruban Guilder,89005.0,40955.502539873123,4032622314.453125,4854150878.90625,2451807373.046875,4110921386.71875,4036630859.375,5244009765.625,17997326171.875,2714382812.5,2553813232.421875,3562423095.703125,9543473632.8125,,0.03426939994096756,0.00023881325614638627,,,0.49611160159111023,,,0.52535933256149292,0.44723528623580933,0.34426397085189819,0.50813585519790649,0.33178502321243286,0.59800165891647339,0.35466724634170532,0.486177533864975,0.28796505928039551,0.72361838817596436,0.086199954152107239,1.79,,Extrapolated,Benchmark,Market-based,Regular,Regular,,,0.37793582677841187,0.31638267636299133,0.0896085724234581,0.87043732404708862,-0.63262021541595459,-0.021744102239608765,0.65521061420440674
2000,ABW,Aruba,Aruban Guilder,90852.999999999985,41900.001466274261,4031134277.34375,4129512695.3125,2438687011.71875,3793475097.65625,4059292236.328125,4519512695.3125,18856412109.375,2836911865.234375,2547805664.0625,3340657226.5625,10001375976.5625,,0.033858329057693481,0.00023673672694712877,,,0.52087777853012085,,,0.54963970184326172,0.48362961411476135,0.43438178300857544,0.544147789478302,0.36480814218521118,0.56962060928344727,0.42176854610443115,0.47950416803359985,0.32233968377113342,0.7909584641456604,0.080654218792915344,1.79,,Extrapolated,Benchmark,Market-based,Regular,Regular,,,0.42325586080551147,0.29976418614387512,0.11633487045764923,0.85929399728775024,-0.67589330673217773,-0.022755645215511322,0.64510613679885864
2001,ABW,Aruba,Aruban Guilder,92898.0,42807.657271623611,4122958496.09375,4728453125.0,2538510986.328125,3939204589.84375,4174905273.4375,4979928222.65625,19783585937.5,2826565673.828125,2645582519.53125,3455070068.359375,10458633789.0625,,0.033865399658679962,0.00023978244280442595,,,0.54609006643295288,,,0.56240671873092651,0.48198691010475159,0.40407201647758484,0.548881471157074,0.33624011278152466,0.60827815532684326,0.37771433591842651,0.46691152453422546,0.29976168274879456,0.782539427280426,0.0863327831029892,1.79,,Extrapolated,Benchmark,Market-based,Regular,Regular,,,0.39367362856864929,0.28126782178878784,0.11607484519481659,0.84578812122344971,-0.6260225772857666,-0.010781840421259403,0.64510613679885864
2002,ABW,Aruba,Aruban Guilder,94992.0,43736.308813095093,4101703125.0,3555261230.46875,2604543701.171875,4212508300.78125,4181356933.59375,3924565185.546875,20915601562.5,2765385742.1875,2711186523.4375,3629174072.265625,10997979492.1875,,0.034088045358657837,0.000254265934927389,,,0.57785242795944214,,,0.57922428846359253,0.48646318912506104,0.51829344034194946,0.56864750385284424,0.33621090650558472,0.61514580249786377,0.5037044882774353,0.4632638692855835,0.30422559380531311,0.70089191198349,0.078907154500484467,1.79,,Extrapolated,Benchmark,Market-based,Regular,Regular,,,0.51269286870956421,0.40971791744232178,0.15095862746238708,0.74942457675933838,-0.81953924894332886,-0.0032547144219279289,0.64510613679885864
2003,ABW,Aruba,Aruban Guilder,97016.999999999985,44631.622731685638,4209140136.71875,3701983642.578125,2707093017.578125,4471079589.84375,4289712402.34375,4053201660.15625,22329816406.25,2778252685.546875,2799660644.53125,3820676025.390625,11609083984.375,,0.034403994679450989,0.0002696493174880743,,,0.61282873153686523,,,0.58984607458114624,0.49376961588859558,0.52258187532424927,0.59151893854141235,0.34632629156112671,0.58442205190658569,0.53245061635971069,0.49124950170516968,0.30312231183052063,0.64269566535949707,0.0763591080904007,1.79,,Extrapolated,Benchmark,Market-based,Regular,Regular,,,0.51045620441436768,0.43520817160606384,0.15743382275104523,0.69470465183258057,-0.79556232690811157,-0.0022404920309782028,0.64510613679885864
2004,ABW,Aruba,Aruban Guilder,98736.999999999985,45385.193079710007,4548991210.9375,4227812011.71875,2775177978.515625,4643457519.53125,4631410156.25,4531297851.5625,23898250000.0,2987162841.796875,2857385253.90625,3950473876.953125,12261322265.625,,0.034587886184453964,0.00028549111448228359,,,0.65027636289596558,,,0.6043701171875,0.504168689250946,0.51530754566192627,0.6082344651222229,0.3553275465965271,0.59175741672515869,0.51725029945373535,0.5018499493598938,0.30768993496894836,0.62069529294967651,0.0778866857290268,1.79,,Extrapolated,Benchmark,Market-based,Regular,Regular,,,0.46881014108657837,0.41230559349060059,0.14363649487495422,0.72722721099853516,-0.74320048093795776,-0.0087789427489042282,0.64510613679885864
2005,ABW,Aruba,Aruban Guilder,100031.0,45941.7924284935,4705818359.375,4568418945.3125,2927564208.984375,5157103515.625,4856557617.1875,4559956542.96875,25921634765.625,3022312255.859375,2948072998.046875,4255863769.53125,13089745117.1875,,0.0347350649535656,0.00031029147794470191,,,0.69522541761398315,,,0.60938286781311035,0.50296217203140259,0.53567713499069214,0.61911493539810181,0.36322325468063354,0.57816123962402344,0.57637804746627808,0.52622407674789429,0.31724214553833008,0.54341155290603638,0.070547036826610565,1.79,,Extrapolated,Benchmark,Market-based,Regular,Regular,,,0.48944920301437378,0.48893871903419495,0.152566596865654,0.714566707611084,-0.83736485242843628,-0.00815633125603199,0.64510613679885864
2006,ABW,Aruba,Aruban Guilder,100834.0,46272.095292806625,4748858886.71875,4846382812.5,2986237304.6875,5307385253.90625,4846933105.46875,4704290527.34375,28037542968.75,3030112060.546875,3012540771.484375,4405406250.0,13968671875.0,,0.0348295196890831,0.00032889284193515778,,,0.74350500106811523,,,0.63501769304275513,0.52352023124694824,0.5393943190574646,0.64437395334243774,0.38007476925849915,0.60340195894241333,0.54844409227371216,0.52592289447784424,0.32160454988479614,0.50242465734481812,0.06501372903585434,1.79,,Extrapolated,Benchmark,Market-based,Regular,Regular,,,0.48983129858970642,0.49341082572937012,0.14495888352394104,0.72245460748672485,-0.84409666061401367,-0.0065589617006480694,0.64510613679885864
2007,ABW,Aruba,Aruban Guilder,101221.99999999999,46411.499381065369,4863892089.84375,4755243164.0625,3150649169.921875,5329167968.75,4918866210.9375,4543621582.03125,30025533203.125,3115241210.9375,3164198486.328125,4507402343.75,14768882812.5,,0.034673415124416351,0.00034249736927449703,,,0.78535187244415283,,,0.6618424654006958,0.55639654397964478,0.602347731590271,0.67774343490600586,0.4038969874382019,0.6061941385269165,0.63165032863616943,0.56385695934295654,0.32898783683776855,0.49553671479225159,0.063797846436500549,1.79,,Extrapolated,Benchmark,Market-based,Regular,Regular,,,0.53931760787963867,0.47946754097938538,0.15410482883453369,0.70378035306930542,-0.864443302154541,-0.01222706213593483,0.64510613679885864
2008,ABW,Aruba,Aruban Guilder,101357.99999999999,46435.1586997509,4786577148.4375,4888021484.375,3036272949.21875,5250875000.0,4861193359.375,4608039062.5,32061746093.75,3042480224.609375,3018376708.984375,4386964843.75,15567380859.375,,0.034441951662302017,0.00036101951263844967,,,0.82933789491653442,,,0.71098071336746216,0.59102118015289307,0.62349039316177368,0.73337173461914062,0.42655369639396667,0.637502133846283,0.68507236242294312,0.63002735376358032,0.34303244948387146,0.48486307263374329,0.058344591408967972,1.79,,Extrapolated,Benchmark,Market-based,Regular,Regular,,,0.50501507520675659,0.48059529066085815,0.15389272570610046,0.68734538555145264,-0.81524938344955444,-0.011599094606935978,0.64510613679885864
2009,ABW,Aruba,Aruban Guilder,101454.99999999999,46440.858393907547,4350844726.5625,4247337402.34375,2972991943.359375,4782957031.25,4380089843.75,4148983398.4375,33503964843.75,2782592529.296875,2948085449.21875,4093512695.3125,16123448242.1875,,0.034365352243185043,0.00040140742203220725,,,0.86545610427856445,,,0.69708156585693359,0.59707194566726685,0.630329966545105,0.72106194496154785,0.43279919028282166,0.62697833776474,0.62771749496459961,0.58398318290710449,0.33920449018478394,0.3913886547088623,0.047264207154512405,1.79,,Extrapolated,Benchmark,Market-based,Regular,Regular,,,0.53391999006271362,0.43624299764633179,0.18263912200927734,0.714448094367981,-0.86751240491867065,0.00026226471527479589,0.64510613679885864
2010,ABW,Aruba,Aruban Guilder,101669.0,46500.001102685928,4012711669.921875,3933467773.4375,2974590087.890625,4555307128.90625,4030288818.359375,3775287109.375,34614175781.25,2691888916.015625,2925227539.0625,3949517333.984375,16532085937.5,,0.034269120544195175,0.00042242783820256591,,,0.890143632888794,,,0.71001261472702026,0.62075018882751465,0.66267877817153931,0.73281526565551758,0.45277637243270874,0.64313143491745,0.639149010181427,0.58952659368515015,0.34656533598899841,0.34028300642967224,0.039764855057001114,1.79,,Extrapolated,Benchmark,Market-based,Regular,Regular,,,0.58757978677749634,0.41870120167732239,0.2003311812877655,0.7059856653213501,-0.91867643594741821,0.0060786395333707333,0.64510613679885864
2011,ABW,Aruba,Aruban Guilder,102046.0,45689.936727285385,4092740966.796875,4009232421.875,3069799316.40625,4649524902.34375,4119461914.0625,3779245117.1875,35534960937.5,2701084228.515625,2991940673.828125,4031406494.140625,16938041015.625,,0.0341448038816452,0.00043220067163929343,,,0.9146688580513,,,0.73609232902526855,0.647762656211853,0.70607584714889526,0.76268810033798218,0.47611618041992188,0.65497457981109619,0.66139459609985352,0.601951003074646,0.35961413383483887,0.34608694911003113,0.039935808628797531,1.79,,Benchmark,Benchmark,Market-based,Regular,Regular,,0.44542176837965486,0.61171698570251465,0.41800031065940857,0.20056140422821045,0.80755060911178589,-1.0355244874954224,-0.0023048431612551212,0.64510613679885864
2012,ABW,Aruba,Aruban Guilder,102560.0,45920.073986053467,3934018310.546875,3899813232.421875,3154458496.09375,4513759765.625,3974151855.46875,3658761230.46875,32822875000.0,2664083496.09375,3044645751.953125,3999681396.484375,17245146484.375,,0.03408142551779747,0.00039905108860693872,,,0.9334222674369812,,,0.73352569341659546,0.66747504472732544,0.725012481212616,0.76233088970184326,0.51419496536254883,0.6514243483543396,0.64986521005630493,0.59937644004821777,0.40431377291679382,0.359715074300766,0.036883480846881866,1.79,,ICP PPP timeseries: benchmark or interpolated,Benchmark,Market-based,Regular,Regular,,0.50524108792079436,0.638239860534668,0.37151959538459778,0.2239258885383606,0.81191235780715942,-1.0506222248077393,0.005024502519518137,0.64510613679885864
2013,ABW,Aruba,Aruban Guilder,103159.0,46188.268810510635,3968858886.71875,4674097656.25,3226231445.3125,4390323242.1875,3974344970.703125,4376827636.71875,28567582031.25,2775927490.234375,3151864501.953125,4031304931.640625,17466755859.375,,0.034042343497276306,0.00034601188963279128,,,0.94715589284896851,,,0.7263607382774353,0.67980009317398071,0.61728721857070923,0.7608029842376709,0.55075907707214355,0.63020724058151245,0.57129514217376709,0.64704692363739014,0.44078817963600159,0.40569823980331421,0.042177863419055939,1.79,,ICP PPP timeseries: benchmark or interpolated,Benchmark,Market-based,Regular,Regular,,0.60646706789293614,0.54271543025970459,0.2659669816493988,0.19440099596977234,0.82656508684158325,-0.82964855432510376,0.0,0.64510613679885864
2014,ABW,Aruba,Aruban Guilder,103773.99999999999,46463.627368211746,3905877441.40625,4075201171.875,3136324462.890625,4202873046.875,3911293457.03125,3819866455.078125,26377216796.875,2783492919.921875,3104878662.109375,3959000000.0,17654568359.375,,0.034053824841976166,0.00032147721503861248,,,0.96007341146469116,,,0.74221312999725342,0.70699441432952881,0.72391605377197266,0.77584636211395264,0.60342913866043091,0.64142507314682007,0.59532564878463745,0.58983832597732544,0.50227749347686768,0.42927360534667969,0.040188830345869064,1.79,,ICP PPP timeseries: benchmark or interpolated,Benchmark,Market-based,Regular,Regular,,0.66686443235023718,0.61562180519104,0.27921098470687866,0.20543424785137177,0.94302886724472046,-1.0432958602905273,0.0,0.64510613679885864
2015,ABW,Aruba,Aruban Guilder,104340.99999999999,46717.498451471329,3959592529.296875,3921183349.609375,3029995605.46875,3972749267.578125,3947602539.0625,3963456054.6875,23630027343.75,2942782226.5625,3026557617.1875,3837038330.078125,17791994140.625,,0.034124687314033508,0.00028767588082700968,,,0.97060084342956543,,,0.76192194223403931,0.73956358432769775,0.73660528659820557,0.79537028074264526,0.66770410537719727,0.66078096628189087,0.58639270067214966,0.58997637033462524,0.58524924516677856,0.48838019371032715,0.041084222495555878,1.79,,ICP PPP timeseries: benchmark or interpolated,Benchmark,Market-based,Regular,Regular,,0.68579767327899077,0.57449257373809814,0.23786148428916931,0.18999063968658447,0.92342376708984375,-0.92577040195465088,1.9135422917315736e-06,0.64510613679885864
2016,ABW,Aruba,Aruban Guilder,104872.0,46955.246478319168,3953522216.796875,3320976806.640625,3025953857.421875,3915882080.078125,3933784179.6875,3387833740.234375,20386876953.125,3003413574.21875,3024284912.109375,3879831298.828125,17960753906.25,,0.034294281154870987,0.0002501615381333977,,,0.98496896028518677,,,0.7659267783164978,0.75394725799560547,0.8754461407661438,0.7981153130531311,0.71321427822113037,0.6675230860710144,0.60692846775054932,0.52367699146270752,0.658333957195282,0.552551805973053,0.044474780559539795,1.79,,ICP PPP timeseries: benchmark or interpolated,Benchmark,Market-based,Regular,Regular,,0.70282652398179746,0.67302983999252319,0.26268357038497925,0.22015270590782166,1.028300404548645,-1.184166431427002,0.0,0.64510613679885864
2017,ABW,Aruba,Aruban Guilder,105366.0,47176.428139209747,3979910400.390625,3062580566.40625,3044065673.828125,3912317871.09375,3979910400.390625,3062580566.40625,18128181640.625,3062580566.40625,3044065673.828125,3912317626.953125,18128181640.625,,0.034588012844324112,0.00022360685397870839,,,1.0,,,0.77803730964660645,0.76790839433670044,0.99791890382766724,0.80930763483047485,0.73239666223526,0.68204277753829956,0.65475523471832275,0.5123908519744873,0.74053579568862915,0.61459136009216309,0.046607032418251038,1.79,,Benchmark,Benchmark,Market-based,Regular,Regular,,0.71819166024571468,0.74972951412200928,0.28350347280502319,0.2442249059677124,1.1176607608795166,-1.3951187133789062,-1.4879467795413711e-16,0.64510613679885864
2018,ABW,Aruba,Aruban Guilder,105845.0,47390.8968269825,3927566650.390625,3444658691.40625,3040981201.171875,3903104736.328125,3922934082.03125,3466725830.078125,18285027343.75,3090404785.15625,3038056396.484375,3908450683.59375,18284378906.25,,0.034921519458293915,0.00022321297728922218,,,1.0136852264404297,,,0.82410132884979248,0.81651461124420166,0.92396479845047,0.85705643892288208,0.78975385427474976,0.722777247428894,0.66129797697067261,0.58430343866348267,0.79338926076889038,0.60905921459198,0.043946661055088043,1.79,,Extrapolated,Benchmark,Market-based,Regular,Regular,,,0.661908745765686,0.24868527054786682,0.21528241038322449,1.0159190893173218,-1.1417961120605469,6.3781834569454077e-07,0.64510613679885864
2019,ABW,Aruba,Aruban Guilder,106313.99999999999,47600.8877158165,3921261230.46875,3467299560.546875,3023694824.21875,3877659667.96875,3912334716.796875,3466241943.359375,18458134765.625,3068758300.78125,3018355957.03125,3887623779.296875,18427503906.25,,0.035241063684225082,0.00021955897682346404,,,1.0262292623519897,,,0.8490372896194458,0.84170854091644287,0.95003348588943481,0.88309216499328613,0.81575930118560791,0.74432921409606934,0.707260251045227,0.62266039848327637,0.81396126747131348,0.61638307571411133,0.043163284659385681,1.79,,Extrapolated,Extrapolated,Market-based,Regular,Regular,,,0.65824216604232788,0.24636618793010712,0.21408440172672272,0.973115086555481,-1.0918080806732178,2.1256914806144778e-07,0.64510613679885864
1950,AGO,Angola,Kwanza,,,,,,,,,,,,,,,,,,,,,,,,,,,,,,,,,,,,,,,,,,,,,,,,
1951,AGO,Angola,Kwanza,,,,,,,,,,,,,,,,,,,,,,,,,,,,,,,,,,,,,,,,,,,,,,,,
1952,AGO,Angola,Kwanza,,,,,,,,,,,,,,,,,,,,,,,,,,,,,,,,,,,,,,,,,,,,,,,,
1953,AGO,Angola,Kwanza,,,,,,,,,,,,,,,,,,,,,,,,,,,,,,,,,,,,,,,,,,,,,,,,
1954,AGO,Angola,Kwanza,,,,,,,,,,,,,,,,,,,,,,,,,,,,,,,,,,,,,,,,,,,,,,,,
1955,AGO,Angola,Kwanza,,,,,,,,,,,,,,,,,,,,,,,,,,,,,,,,,,,,,,,,,,,,,,,,
1956,AGO,Angola,Kwanza,,,,,,,,,,,,,,,,,,,,,,,,,,,,,,,,,,,,,,,,,,,,,,,,
1957,AGO,Angola,Kwanza,,,,,,,,,,,,,,,,,,,,,,,,,,,,,,,,,,,,,,,,,,,,,,,,
1958,AGO,Angola,Kwanza,,,,,,,,,,,,,,,,,,,,,,,,,,,,,,,,,,,,,,,,,,,,,,,,
1959,AGO,Angola,Kwanza,,,,,,,,,,,,,,,,,,,,,,,,,,,,,,,,,,,,,,,,,,,,,,,,
1960,AGO,Angola,Kwanza,,,,,,,,,,,,,,,,,,,,,,,,,,,,,,,,,,,,,,,,,,,,,,,,
1961,AGO,Angola,Kwanza,,,,,,,,,,,,,,,,,,,,,,,,,,,,,,,,,,,,,,,,,,,,,,,,
1962,AGO,Angola,Kwanza,,,,,,,,,,,,,,,,,,,,,,,,,,,,,,,,,,,,,,,,,,,,,,,,
1963,AGO,Angola,Kwanza,,,,,,,,,,,,,,,,,,,,,,,,,,,,,,,,,,,,,,,,,,,,,,,,
1964,AGO,Angola,Kwanza,,,,,,,,,,,,,,,,,,,,,,,,,,,,,,,,,,,,,,,,,,,,,,,,
1965,AGO,Angola,Kwanza,,,,,,,,,,,,,,,,,,,,,,,,,,,,,,,,,,,,,,,,,,,,,,,,
1966,AGO,Angola,Kwanza,,,,,,,,,,,,,,,,,,,,,,,,,,,,,,,,,,,,,,,,,,,,,,,,
1967,AGO,Angola,Kwanza,,,,,,,,,,,,,,,,,,,,,,,,,,,,,,,,,,,,,,,,,,,,,,,,
1968,AGO,Angola,Kwanza,,,,,,,,,,,,,,,,,,,,,,,,,,,,,,,,,,,,,,,,,,,,,,,,
1969,AGO,Angola,Kwanza,,,,,,,,,,,,,,,,,,,,,,,,,,,,,,,,,,,,,,,,,,,,,,,,
1970,AGO,Angola,Kwanza,5890365.0,3666207.3135375977,28969109375.0,28522482421.875,18376109375.0,29291867187.5,29291867187.5,28822798828.125,117665375000.0,54237054687.5,47804414062.5,75964117187.5,295517625000.0,,0.040182527154684067,,,,,,,0.1558881551027298,0.12999668717384338,0.1321122944355011,0.14639468491077423,0.086409740149974823,0.17450550198554993,0.30361604690551758,0.25447562336921692,0.07793077826499939,,0.21378012001514435,2.862511e-08,1.0156857967376709,Extrapolated,Extrapolated,Market-based,Regular,Regular,,,0.422242134809494,0.37871956825256348,0.21531251072883606,0.048372752964496613,-0.050228148698806763,-0.014418834820389748,0.28438466787338257
1971,AGO,Angola,Kwanza,6040776.9999999991,3742484.0927124023,30687421875.0,30435849609.375,19447210937.5,31141054687.5,31141054687.5,30987242187.5,124875601562.5,57491277343.75,50641691406.25,80467742187.5,314195093750.0,,0.039463512599468231,,,,,,,0.15504197776317596,0.12871608138084412,0.12935498356819153,0.14680376648902893,0.08493533730506897,0.17092879116535187,0.27996230125427246,0.25456368923187256,0.077780991792678833,,0.212561696767807,2.819112e-08,1.018195629119873,Extrapolated,Extrapolated,Market-based,Regular,Regular,,,0.41327908635139465,0.37737607955932617,0.21430855989456177,0.049472972750663757,-0.054380487650632858,-5.6203552958322689e-05,0.28438466787338257
1972,AGO,Angola,Kwanza,6248552.0,3853271.2459564209,30796365234.375,30127363281.25,19480878906.25,31305890625.0,31305890625.0,30737003906.25,131892453125.0,57606261718.75,50763671875.0,80723625000.0,332435843750.0,,0.038944758474826813,,,,,,,0.15938897430896759,0.131064310669899,0.13349008560180664,0.15109385550022125,0.084401413798332214,0.17500139772891998,0.28700488805770874,0.26878619194030762,0.077797994017601013,,0.20527227222919464,2.7052815e-08,1.0207115411758423,Extrapolated,Extrapolated,Market-based,Regular,Regular,,,0.41388770937919617,0.38471582531929016,0.21990467607975006,0.058446072041988373,-0.048055127263069153,-0.028899183496832848,0.28438466787338257
1973,AGO,Angola,Kwanza,6496962.0,3987807.035446167,33606765625.0,32514119140.625,20975380859.375,33851726562.5,34129195312.5,33386035156.25,139471671875.0,62272367187.5,54958128906.25,87384500000.0,352647906250.0,,0.0383668877184391,,,,,,,0.17891749739646912,0.1470123678445816,0.15028481185436249,0.17044283449649811,0.095039360225200653,0.19468185305595398,0.28720381855964661,0.28966030478477478,0.088795043528079987,,0.20896704494953156,2.451462e-08,1.0232337713241577,Extrapolated,Extrapolated,Market-based,Regular,Regular,,,0.40860727429389954,0.38568055629730225,0.21966080367565155,0.081286810338497162,-0.056047279387712479,-0.039188135415315628,0.28438466787338257
1974,AGO,Angola,Kwanza,6761380.0,4130696.2966918945,34613855468.75,32680583984.375,21667513671.875,35407734375.0,35657085937.5,34559402343.75,147591687500.0,64202808593.75,56712632812.5,90138171875.0,373267718750.0,,0.03780219703912735,0.0053690816275775433,0.55111593008041382,0.56455510854721069,0.2417343407869339,1.2271373271942139,1.8838471174240112,0.1943618506193161,0.1578434556722641,0.16285690665245056,0.185541033744812,0.10025607794523239,0.21046894788742065,0.24779723584651947,0.267250657081604,0.0975755825638771,1.352143406867981,0.20075319707393646,2.54076008333333e-08,1.0257622003555298,Extrapolated,Extrapolated,Market-based,Regular,Regular,,,0.40511104464530945,0.39758267998695374,0.22185331583023071,0.14355014264583588,-0.067596785724163055,-0.10050039738416672,0.28438466787338257
1975,AGO,Angola,Kwanza,7024000.0,4270974.1592407227,32736136718.75,30533283203.125,20468570312.5,33754601562.5,34076074218.75,32458769531.25,154499953125.0,60992671875.0,53613406250.0,85069609375.0,391161906250.0,,0.037406474351882935,0.0054838745854794979,0.51059979200363159,0.53587150573730469,0.25313472747802734,1.1220051050186157,1.7111551761627197,0.15104682743549347,0.12173860520124435,0.12780441343784332,0.14432050287723541,0.076586119830608368,0.16349263489246368,0.19796878099441528,0.20518146455287933,0.076089344918727875,0.85805189609527588,0.17789353430271149,2.55521808333333e-08,1.0282968282699585,Extrapolated,Extrapolated,Market-based,Regular,Regular,,,0.40936249494552612,0.40932026505470276,0.22123968601226807,0.14571596682071686,-0.050610680133104324,-0.1350276917219162,0.28438466787338257
1976,AGO,Angola,Kwanza,7279509.0,4405440.8073425293,31027259765.625,29695130859.375,19363591796.875,31819007812.5,32093308593.75,31391470703.125,160158765625.0,57821050781.25,50772472656.25,80650984375.0,406898375000.0,,0.037197597324848175,0.0055035864934325218,0.47309470176696777,0.47854819893836975,0.26317498087882996,1.0252988338470459,1.5637664794921875,0.1546647846698761,0.12406978756189346,0.12684367597103119,0.14872720837593079,0.076505817472934723,0.16568934917449951,0.20194345712661743,0.21569165587425232,0.0754108726978302,0.73032867908477783,0.16394047439098358,2.93836233333333e-08,1.0308377742767334,Extrapolated,Extrapolated,Market-based,Regular,Regular,,,0.40091770887374878,0.39677706360816956,0.2159247100353241,0.078559912741184235,-0.034757677465677261,-0.057421747595071793,0.28438466787338257
1977,AGO,Angola,Kwanza,7533735.0,4537667.2744750977,31654453125.0,31375712890.625,19685482421.875,32404437500.0,32655634765.625,32863492187.5,166377546875.0,58283617187.5,51462128906.25,82144570312.5,423176343750.0,,0.036920685321092606,0.0054696169681847095,0.48042905330657959,0.46849542856216431,0.27329576015472412,0.99682879447937012,1.5362105369567871,0.16469982266426086,0.13306158781051636,0.13221997022628784,0.15796951949596405,0.08409418910741806,0.17692333459854126,0.23971784114837646,0.23381377756595612,0.082396805286407471,0.72166144847869873,0.15654735267162323,2.9918e-08,1.0333850383758545,Extrapolated,Extrapolated,Market-based,Regular,Regular,,,0.38630619645118713,0.38702383637428284,0.21270139515399933,0.059148140251636505,-0.070753835141658783,0.025574298575520515,0.28438466787338257
1978,AGO,Angola,Kwanza,7790706.9999999991,4670081.13861084,29536048828.125,28078902343.75,18708980468.75,30575521484.375,30366099609.375,29549972656.25,171251265625.0,55194585937.5,49073386718.75,77983890625.0,437047625000.0,,0.036448832601308823,0.0053390003740787506,0.42058822512626648,0.43078354001045227,0.28153917193412781,0.91505175828933716,1.4136824607849121,0.19652146100997925,0.15960498154163361,0.16401304304599762,0.18838103115558624,0.10140183568000793,0.21130505204200745,0.26107010245323181,0.27817454934120178,0.0969061329960823,0.73137342929840088,0.14193317294120789,2.9918e-08,1.0359385013580322,Extrapolated,Extrapolated,Market-based,Regular,Regular,,,0.40830254554748535,0.40157535672187805,0.22482767701148987,0.12672099471092224,-0.067782185971736908,-0.093644425272941589,0.28438466787338257
1979,AGO,Angola,Kwanza,8058066.9999999991,4807216.6442871094,29828996093.75,28697123046.875,18632009765.625,30412121093.75,30602195312.5,30551355468.75,176409984375.0,55360167968.75,49111421875.0,77900445312.5,450429437500.0,,0.035923339426517487,0.0052814693190157413,0.42615172266960144,0.42235741019248962,0.28951996564865112,0.89134138822555542,1.3714640140533447,0.21706666052341461,0.17584933340549469,0.17614196240901947,0.20651094615459442,0.1106579601764679,0.23536302149295807,0.2548505961894989,0.29400312900543213,0.10916946828365326,0.73539996147155762,0.13470099866390228,2.9918e-08,1.0384982824325562,Extrapolated,Extrapolated,Market-based,Regular,Regular,,,0.38673791289329529,0.38558390736579895,0.22312076389789581,0.14148975908756256,-0.092016488313674927,-0.044915828853845596,0.28438466787338257